조건,판재두께_mm,용접선,시편회전_도,판사이각도_도,판정,웨이포인트_개수,경로길이_mm,용접선IoU_퍼센트,라벨대비편차_mm,경로덮임_퍼센트,경로최대이탈_mm,경로판정,해양대교선과의거리_mm,평균확률,유효구간비율,추론용접점_개수,점흩어짐90_mm,접촉5mm라벨_개수,해양대3mm밴드_개수,수동라벨_있음
WELD_D04_L1_A000,4,L1,0,88.71,정상,11,292.9,96.48,2.02,100.0,1.6,양호,2.85,0.987,1.000,1242,3.52,1445,513,있음
WELD_D04_L1_A010,4,L1,10,88.87,정상,10,297.2,94.44,2.27,100.0,1.6,양호,2.51,0.980,1.000,1409,4.15,1634,626,있음
WELD_D04_L1_A020,4,L1,20,89.23,정상,10,291.5,95.49,2.31,100.0,1.8,양호,2.58,0.983,1.000,1378,4.17,1684,726,있음
WELD_D04_L1_A030,4,L1,30,88.53,정상,12,293.4,92.42,2.67,100.0,4.2,양호,2.98,0.972,1.000,1290,4.65,1514,458,있음
WELD_D04_L1_A040,4,L1,40,88.36,정상,12,286.3,93.07,2.34,100.0,1.7,양호,3.21,0.972,1.000,1251,4.26,1457,467,있음
WELD_D04_L1_A050,4,L1,50,88.26,정상,12,288.3,90.71,2.37,100.0,1.8,양호,3.80,0.964,1.000,1097,4.49,1213,457,있음
WELD_D04_L1_A130,4,L1,130,89.09,정상,11,295.0,92.76,2.27,100.0,2.0,양호,3.56,0.969,1.000,1276,4.20,1476,278,있음
WELD_D04_L1_A140,4,L1,140,88.70,정상,11,289.7,93.50,2.34,100.0,2.1,양호,3.42,0.972,1.000,1387,4.38,1599,370,있음
WELD_D04_L1_A150,4,L1,150,88.75,정상,12,295.2,92.19,2.32,100.0,1.9,양호,3.43,0.969,1.000,1338,4.37,1504,356,있음
WELD_D04_L1_A160,4,L1,160,88.54,정상,10,293.7,93.38,2.32,100.0,1.7,양호,3.62,0.973,1.000,1385,4.33,1614,445,있음
WELD_D04_L1_A170,4,L1,170,88.63,정상,14,294.3,95.28,2.30,100.0,1.6,양호,3.14,0.978,1.000,1404,4.18,1605,596,있음
WELD_D04_L2_A000,4,L2,0,89.86,정상,11,294.8,94.87,2.08,100.0,1.6,양호,2.54,0.977,1.000,1303,3.77,1501,621,있음
WELD_D04_L2_A010,4,L2,10,89.81,정상,10,295.6,94.84,2.31,100.0,1.5,양호,2.69,0.979,1.000,1399,4.26,1634,646,있음
WELD_D04_L2_A020,4,L2,20,89.66,정상,11,296.7,94.25,2.35,100.0,1.9,양호,2.66,0.982,1.000,1423,4.29,1697,777,있음
WELD_D04_L2_A030,4,L2,30,88.90,정상,11,293.0,93.11,2.35,100.0,1.8,양호,2.67,0.975,1.000,1298,4.35,1476,559,있음
WELD_D04_L2_A040,4,L2,40,88.98,정상,11,294.1,91.70,2.34,100.0,1.8,양호,3.04,0.971,1.000,1241,4.21,1475,500,있음
WELD_D04_L2_A050,4,L2,50,88.94,정상,12,282.3,90.00,2.50,100.0,1.7,양호,3.19,0.965,0.983,1138,4.47,1318,465,있음
WELD_D04_L2_A130,4,L2,130,88.59,정상,11,294.7,92.29,2.31,100.0,1.6,양호,3.10,0.970,1.000,1334,4.40,1510,446,있음
WELD_D04_L2_A140,4,L2,140,88.85,정상,11,297.4,92.95,2.32,100.0,1.7,양호,2.98,0.967,1.000,1309,4.22,1598,543,있음
WELD_D04_L2_A150,4,L2,150,88.93,정상,11,294.6,93.42,2.32,100.0,1.6,양호,3.10,0.968,1.000,1308,4.29,1522,493,있음
WELD_D04_L2_A160,4,L2,160,89.36,정상,10,297.6,94.07,2.38,100.0,1.7,양호,2.74,0.971,1.000,1409,4.32,1652,595,있음
WELD_D04_L2_A170,4,L2,170,89.59,정상,13,296.3,93.50,2.29,100.0,1.7,양호,2.45,0.969,1.000,1392,4.20,1621,732,있음
WELD_D08_L1_A000,8,L1,0,86.89,정상,17,291.0,79.12,2.18,100.0,2.1,양호,7.52,0.922,1.000,483,3.66,355,13,없음
WELD_D08_L1_A010,8,L1,10,86.96,정상,25,295.2,78.92,2.00,100.0,2.4,양호,6.31,0.944,0.983,545,3.95,305,34,있음
WELD_D08_L1_A020,8,L1,20,83.08,정상,18,296.4,78.93,2.08,100.0,2.1,양호,5.43,0.935,0.983,505,4.27,333,63,있음
WELD_D08_L1_A030,8,L1,30,78.97,정상,20,297.4,75.99,2.32,100.0,4.3,양호,4.08,0.936,1.000,507,4.31,338,90,있음
WELD_D08_L1_A040,8,L1,40,83.24,정상,17,291.9,80.66,2.14,100.0,2.1,양호,5.93,0.935,1.000,540,4.62,336,3,있음
WELD_D08_L1_A050,8,L1,50,85.03,정상,19,291.7,77.64,2.18,100.0,3.0,양호,6.08,0.920,0.984,525,4.56,303,32,있음
WELD_D08_L1_A130,8,L1,130,84.36,정상,21,298.6,80.14,2.08,99.8,4.4,양호,8.09,0.920,0.967,527,4.35,312,3,있음
WELD_D08_L1_A140,8,L1,140,82.92,정상,19,296.2,81.03,2.16,100.0,2.2,양호,5.77,0.931,1.000,527,4.25,351,60,있음
WELD_D08_L1_A150,8,L1,150,84.51,정상,18,295.3,74.35,2.25,100.0,2.3,양호,6.88,0.917,1.000,531,4.93,346,8,있음
WELD_D08_L1_A160,8,L1,160,84.45,정상,20,295.9,83.55,2.21,100.0,2.0,양호,6.37,0.936,1.000,511,4.17,379,29,있음
WELD_D08_L1_A170,8,L1,170,83.37,정상,19,295.9,81.43,2.29,100.0,2.0,양호,5.95,0.941,1.000,531,4.44,393,96,있음
WELD_D08_L2_A000,8,L2,0,87.61,정상,23,303.0,64.75,2.29,96.2,7.8,양호,6.85,0.898,1.000,551,4.74,305,0,있음
WELD_D08_L2_A010,8,L2,10,88.98,정상,20,297.3,75.84,2.17,100.0,2.5,양호,8.91,0.930,1.000,555,4.57,340,0,있음
WELD_D08_L2_A020,8,L2,20,89.24,정상,18,300.6,75.97,2.18,100.0,2.4,양호,5.89,0.925,0.984,552,4.58,355,1,있음
WELD_D08_L2_A030,8,L2,30,87.27,정상,21,299.8,78.79,2.14,100.0,2.3,양호,5.59,0.921,1.000,519,4.53,348,20,있음
WELD_D08_L2_A040,8,L2,40,86.71,정상,15,293.7,77.76,2.22,100.0,2.2,양호,5.63,0.914,1.000,543,4.80,330,13,있음
WELD_D08_L2_A050,8,L2,50,85.90,정상,18,293.3,79.90,2.27,100.0,2.5,양호,5.68,0.920,1.000,541,4.42,336,18,있음
WELD_D08_L2_A130,8,L2,130,86.92,정상,20,297.7,77.66,2.27,100.0,2.1,양호,6.16,0.924,1.000,530,4.47,330,7,있음
WELD_D08_L2_A140,8,L2,140,87.81,정상,19,296.2,78.94,2.15,100.0,2.1,양호,4.53,0.926,1.000,516,4.19,355,41,있음
WELD_D08_L2_A150,8,L2,150,85.63,정상,18,292.3,77.29,2.20,100.0,2.0,양호,5.52,0.918,0.984,525,4.64,363,54,있음
WELD_D08_L2_A160,8,L2,160,89.58,정상,17,296.7,81.77,2.26,100.0,2.3,양호,6.06,0.934,1.000,517,4.38,409,32,있음
WELD_D08_L2_A170,8,L2,170,87.92,정상,15,293.7,79.38,2.23,100.0,2.0,양호,4.76,0.932,1.000,550,4.67,388,79,있음
WELD_D12_L1_A000,12,L1,0,71.27,정상,26,297.3,59.60,3.35,81.1,14.5,주의,6.79,0.878,0.915,474,8.38,158,24,없음
WELD_D12_L1_A010,12,L1,10,76.77,정상,32,292.8,75.27,2.19,100.0,3.2,양호,4.88,0.929,0.949,507,4.42,154,24,있음
WELD_D12_L1_A020,12,L1,20,88.27,정상,30,290.4,74.23,2.35,100.0,3.5,양호,9.32,0.913,0.966,504,4.49,148,13,있음
WELD_D12_L1_A030,12,L1,30,84.17,정상,26,291.9,77.04,2.22,100.0,3.5,양호,11.75,0.912,0.982,478,4.06,134,4,있음
WELD_D12_L1_A040,12,L1,40,83.13,정상,24,280.1,65.99,2.11,100.0,3.7,양호,13.42,0.896,0.965,506,4.31,119,0,있음
WELD_D12_L1_A050,12,L1,50,69.78,정상,27,292.6,66.55,2.20,100.0,4.7,양호,13.71,0.875,0.948,513,5.64,108,2,있음
WELD_D12_L1_A130,12,L1,130,69.35,정상,26,272.6,62.28,2.17,100.0,3.8,양호,18.50,0.871,0.945,422,4.40,105,6,있음
WELD_D12_L1_A140,12,L1,140,79.09,정상,26,291.0,73.99,2.29,100.0,3.5,양호,19.18,0.899,0.965,581,5.06,123,3,있음
WELD_D12_L1_A150,12,L1,150,75.87,정상,30,295.2,70.03,2.47,99.0,7.1,양호,12.48,0.872,0.917,501,4.64,137,22,있음
WELD_D12_L1_A160,12,L1,160,72.80,정상,30,294.4,60.85,2.60,98.9,6.2,양호,15.53,0.870,0.949,589,4.94,145,0,있음
WELD_D12_L1_A170,12,L1,170,83.21,정상,34,297.6,63.88,2.59,100.0,4.7,양호,19.24,0.889,0.949,509,4.57,154,0,있음
WELD_D12_L2_A000,12,L2,0,66.23,정상,27,291.5,71.54,2.12,100.0,3.4,양호,14.64,0.904,1.000,563,4.57,156,11,있음
WELD_D12_L2_A010,12,L2,10,77.98,정상,29,287.1,65.27,2.60,100.0,4.6,양호,9.19,0.890,0.948,540,5.24,152,1,있음
WELD_D12_L2_A020,12,L2,20,77.22,정상,22,290.4,67.10,2.39,100.0,4.7,양호,5.11,0.900,0.966,523,4.56,147,16,있음
WELD_D12_L2_A030,12,L2,30,72.23,정상,30,306.5,76.17,2.21,100.0,3.7,양호,7.49,0.907,0.984,515,4.43,138,18,있음
WELD_D12_L2_A040,12,L2,40,65.20,정상,26,291.9,56.70,2.69,90.5,7.5,양호,7.07,0.913,0.983,596,4.86,117,24,있음
WELD_D12_L2_A050,12,L2,50,76.24,정상,31,305.7,75.10,2.21,100.0,4.2,양호,11.29,0.912,0.949,475,4.94,109,8,있음
WELD_D12_L2_A130,12,L2,130,72.77,정상,28,294.4,76.17,1.82,98.9,6.2,양호,10.40,0.923,0.966,430,3.96,106,29,있음
WELD_D12_L2_A140,12,L2,140,72.10,정상,25,301.8,74.07,2.01,100.0,3.5,양호,15.98,0.895,0.967,511,4.18,121,46,있음
WELD_D12_L2_A150,12,L2,150,89.88,정상,30,300.4,69.29,2.45,97.6,7.2,양호,15.65,0.895,0.966,526,4.33,138,0,있음
WELD_D12_L2_A160,12,L2,160,74.35,정상,25,295.3,76.87,1.92,100.0,3.3,양호,10.78,0.901,1.000,547,4.79,146,0,있음
WELD_D12_L2_A170,12,L2,170,78.71,정상,30,300.3,70.93,2.25,100.0,4.3,양호,16.82,0.923,1.000,590,5.00,156,0,있음
